{
  "Occ_Skyrim_Patch_for_tree_replacers.esp": {
    "original": {
      "size": 47226,
      "mtime": 1690413527.3492124
    },
    "translation": {
      "size": 47226,
      "mtime": 1698778768.8031232
    }
  },
  "ccBGSSSE001-Fish.esm": {
    "original": {
      "size": 1424180,
      "mtime": 1636621462.0
    },
    "translation": {
      "size": 1425350,
      "mtime": 1663554375.1818132
    }
  },
  "ccBGSSSE025-AdvDSGS.esm": {
    "original": {
      "size": 812763,
      "mtime": 1636621462.0
    },
    "translation": {
      "size": 812763,
      "mtime": 1663554375.1827826
    }
  },
  "ccBGSSSE037-Curios.esl": {
    "original": {
      "size": 37476,
      "mtime": 1636621462.0
    },
    "translation": {
      "size": 37476,
      "mtime": 1663554448.2141395
    }
  },
  "ccQDRSSE001-SurvivalMode.esl": {
    "original": {
      "size": 240708,
      "mtime": 1636621462.0
    },
    "translation": {
      "size": 240724,
      "mtime": 1663554434.7186728
    }
  },
  "QwibNewLanterns.esp": {
    "original": {
      "size": 6497,
      "mtime": 1729759969.9879358
    },
    "translation": {
      "size": 6459,
      "mtime": 1737611914.0
    }
  },
  "SexLab.esm": {
    "original": {
      "size": 345759,
      "mtime": 1637457932.170859
    },
    "translation": {
      "size": 355454,
      "mtime": 1716779660.0
    }
  },
  "Devious Devices - Assets.esm": {
    "original": {
      "size": 84141,
      "mtime": 1676101550.3870628
    },
    "translation": {
      "size": 84141,
      "mtime": 1715798137.2088816
    }
  },
  "AnubAnimObj.esp": {
    "original": {
      "size": 27271,
      "mtime": 1675595302.3233366
    },
    "translation": {
      "size": 27178,
      "mtime": 1699470250.0
    }
  },
  "TNTR.esp": {
    "original": {
      "size": 165326,
      "mtime": 1721039852.3312037
    },
    "translation": {
      "size": 166671,
      "mtime": 1709492584.1308415
    }
  },
  "Bijin NPCs.esp": {
    "original": {
      "size": 63048,
      "mtime": 1501694407.524201
    },
    "translation": {
      "size": 63895,
      "mtime": 1632520445.7896025
    }
  },
  "Bijin Wives.esp": {
    "original": {
      "size": 40049,
      "mtime": 1501501646.3092132
    },
    "translation": {
      "size": 40852,
      "mtime": 1632520445.8586185
    }
  },
  "RaceMenuMorphsCBBE.esp": {
    "original": {
      "size": 697,
      "mtime": 1596365143.44436
    },
    "translation": {
      "size": 697,
      "mtime": 1597259637.3771527
    }
  },
  "SlaveTats.esp": {
    "original": {
      "size": 2609,
      "mtime": 1584321983.0
    },
    "translation": {
      "size": 2609,
      "mtime": 1662629569.0
    }
  },
  "FWMF for Fantasy Paper Maps.esp": {
    "original": {
      "size": 224717,
      "mtime": 1729249930.0
    },
    "translation": {
      "size": 224767,
      "mtime": 1628927491.8695993
    }
  },
  "UntarnishedUI_Subtitle.esp": {
    "original": {
      "size": 80,
      "mtime": 1670992496.0
    },
    "translation": {
      "size": 80,
      "mtime": 1725710915.0
    }
  },
  "Nature of the Wild Lands.esp": {
    "original": {
      "size": 1881475,
      "mtime": 1728900156.8745275
    },
    "translation": {
      "size": 1945612,
      "mtime": 1744451165.517137
    }
  },
  "FNIS.esp": {
    "original": {
      "size": 131,
      "mtime": 1743434310.0
    },
    "translation": {
      "size": 131,
      "mtime": 1537046960.0
    }
  }
}